Class,Precision,Recall,F1 Score
Benchpress,0.75,0.6,0.6666666666666666
Deadlift,0.6153846153846154,0.8,0.6956521739130435
Squat,0.7777777777777778,0.7,0.7368421052631579
