Class,Precision,Recall,F1 Score
Benchpress,0.875,0.7,0.7777777777777778
Deadlift,0.75,0.9,0.8181818181818182
Squat,0.8,0.8,0.8
