Class,Precision,Recall,F1 Score
Benchpress,1.0,0.2,0.3333333333333333
Deadlift,0.8888888888888888,0.8,0.8421052631578947
Squat,0.47368421052631576,0.9,0.6206896551724138
