Class,Precision,Recall,F1 Score
Benchpress,0.6666666666666666,0.8,0.7272727272727273
Deadlift,0.7142857142857143,0.5,0.5882352941176471
Squat,0.7272727272727273,0.8,0.7619047619047619
