Class,Precision,Recall,F1 Score
Benchpress,0.7272727272727273,0.8,0.7619047619047619
Deadlift,0.5333333333333333,0.8,0.64
Squat,0.5,0.2,0.2857142857142857
