Class,Precision,Recall,F1 Score
Benchpress,0.6,0.6,0.6
Deadlift,0.7272727272727273,0.8,0.7619047619047619
Squat,0.7777777777777778,0.7,0.7368421052631579
