Class,Precision,Recall,F1 Score
Benchpress,0.75,0.9,0.8181818181818182
Deadlift,0.8181818181818182,0.9,0.8571428571428571
Squat,0.8571428571428571,0.6,0.7058823529411765
