Class,Precision,Recall,F1 Score
Benchpress,0.8181818181818182,0.9,0.8571428571428571
Deadlift,0.7272727272727273,0.8,0.7619047619047619
Squat,0.875,0.7,0.7777777777777778
